Mês/Ano,%
Jan/10,158.95%
Feb/10,158.19%
Mar/10,157.52%
Apr/10,156.77%
May/10,155.98%
Jun/10,155.12%
Jul/10,154.23%
Aug/10,153.38%
Sep/10,152.57%
Oct/10,151.76%
Nov/10,150.83%
Dec/10,149.97%
Jan/11,149.13%
Feb/11,148.21%
Mar/11,147.37%
Apr/11,146.38%
May/11,145.42%
Jun/11,144.45%
Jul/11,143.38%
Aug/11,142.44%
Sep/11,141.56%
Oct/11,140.70%
Nov/11,139.79%
Dec/11,138.90%
Jan/12,138.15%
Feb/12,137.33%
Mar/12,136.62%
Apr/12,135.88%
May/12,135.24%
Jun/12,134.56%
Jul/12,133.87%
Aug/12,133.33%
Sep/12,132.72%
Oct/12,132.17%
Nov/12,131.62%
Dec/12,131.02%
Jan/13,130.53%
Feb/13,129.98%
Mar/13,129.37%
Apr/13,128.77%
May/13,128.16%
Jun/13,127.44%
Jul/13,126.73%
Aug/13,126.02%
Sep/13,125.21%
Oct/13,124.49%
Nov/13,123.70%
Dec/13,122.85%
Jan/14,122.06%
Feb/14,121.29%
Mar/14,120.47%
Apr/14,119.60%
May/14,118.78%
Jun/14,117.83%
Jul/14,116.96%
Aug/14,116.05%
Sep/14,115.10%
Oct/14,114.26%
Nov/14,113.30%
Dec/14,112.36%
Jan/15,111.54%
Feb/15,110.50%
Mar/15,109.55%
Apr/15,108.56%
May/15,107.49%
Jun/15,106.31%
Jul/15,105.20%
Aug/15,104.09%
Sep/15,102.98%
Oct/15,101.92%
Nov/15,100.76%
Dec/15,99.70%
Jan/16,98.70%
Feb/16,97.54%
Mar/16,96.48%
Apr/16,95.37%
May/16,94.21%
Jun/16,93.10%
Jul/16,91.88%
Aug/16,90.77%
Sep/16,89.72%
Oct/16,88.68%
Nov/16,87.56%
Dec/16,86.47%
Jan/17,85.60%
Feb/17,84.55%
Mar/17,83.76%
Apr/17,82.83%
May/17,82.02%
Jun/17,81.22%
Jul/17,80.42%
Aug/17,79.78%
Sep/17,79.14%
Oct/17,78.57%
Nov/17,78.03%
Dec/17,77.45%
Jan/18,76.98%
Feb/18,76.45%
Mar/18,75.93%
Apr/18,75.41%
May/18,74.89%
Jun/18,74.35%
Jul/18,73.78%
Aug/18,73.31%
Sep/18,72.77%
Oct/18,72.28%
Nov/18,71.79%
Dec/18,71.25%
Jan/19,70.76%
Feb/19,70.29%
Mar/19,69.77%
Apr/19,69.23%
May/19,68.76%
Jun/19,68.19%
Jul/19,67.69%
Aug/19,67.23%
Sep/19,66.75%
Oct/19,66.37%
Nov/19,66%
Dec/19,65.62%
Jan/20,65.33%
Feb/20,64.99%
Mar/20,64.71%
Apr/20,64.47%
May/20,64.26%
Jun/20,64.07%
Jul/20,63.91%
Aug/20,63.75%
Sep/20,63.59%
Oct/20,63.44%
Nov/20,63.28%
Dec/20,63.13%
Jan/21,63%
Feb/21,62.80%
Mar/21,62.59%
Apr/21,62.32%
May/21,62.01%
Jun/21,61.65%
Jul/21,61.22%
Aug/21,60.78%
Sep/21,60.29%
Oct/21,59.70%
Nov/21,58.93%
Dec/21,58.20%
Jan/22,57.44%
Feb/22,56.51%
Mar/22,55.68%
Apr/22,54.65%
May/22,53.63%
Jun/22,52.60%
Jul/22,51.43%
Aug/22,50.36%
Sep/22,49.34%
Oct/22,48.32%
Nov/22,47.20%
Dec/22,46.08%
Jan/23,45.16%
Feb/23,43.99%
Mar/23,43.07%
Apr/23,41.95%
May/23,40.88%
Jun/23,39.81%
Jul/23,38.67%
Aug/23,37.70%
Sep/23,36.70%
Oct/23,35.78%
Nov/23,34.89%
Dec/23,33.92%
Jan/24,33.12%
Feb/24,32.29%
Mar/24,31.40%
Apr/24,30.57%
May/24,29.78%
Jun/24,28.87%
Jul/24,28%
Aug/24,27.16%
Sep/24,26.23%
Oct/24,25.44%
Nov/24,24.51%
Dec/24,23.50%
Jan/25,22.51%
Feb/25,21.55%
Mar/25,20.49%
Apr/25,19.35%
May/25,18.25%
Jun/25,16.97%
Jul/25,15.81%
Aug/25,14.59%
Sep/25,13.31%
Oct/25,12.26%
Nov/25,11.04%
Dec/25,9.88%
Jan/26,8.88%
Feb/26,7.67%
Mar/26,6.58%
Apr/26,5.51%
May/26,4.39%
Jun/26,3.17%
Jul/26,2.08%
Aug/26,1%
Sep/26,0%
