Mês/Ano,UF,Casa popular,Comercial salas e lojas,Conjunto habitacional popular,Edifício de Garagens,Galpão industrial,Residencial multifamiliar,Residencial unifamiliar
Oct/26,AC,2'152.95,3'988.47,2'152.95,3'988.47,1'843.87,3'601.60,4'261.19
Oct/26,AL,1'368.53,2'477.15,1'368.53,2'477.15,1'157.04,2'214.58,2'569.72
Oct/26,AP,1'910.76,3'401.24,1'910.76,3'401.24,1'616.80,2'995.98,3'392.19
Oct/26,AM,2'152.95,3'988.47,2'152.95,3'988.47,1'843.87,3'601.60,4'261.19
Oct/26,BA,1'494.45,2'654.20,1'494.45,2'654.20,1'204.22,2'317.45,2'765.10
Oct/26,CE,1'703.37,2'857.85,1'703.37,2'857.85,1'353.87,2'510.76,2'891.28
Oct/26,DF,1'595.70,2'892.62,1'595.70,2'892.62,1'293.74,2'527.63,2'917.03
Oct/26,ES,1'925.16,3'240.98,1'925.16,3'240.98,1'468.64,2'908.41,3'418.52
Oct/26,GO,1'525.04,2'717.12,1'525.04,2'717.12,1'269.78,2'386.70,2'858.71
Oct/26,MA,1'318.48,2'304.39,1'318.48,2'304.39,1'099.60,2'256.63,2'359.18
Oct/26,MT,2'232.33,3'975.33,2'232.33,3'975.33,1'748.16,3'498.36,4'025.41
Oct/26,MS,1'298.42,2'355.98,1'298.42,2'355.98,1'062.04,1'895.50,2'263.02
Oct/26,MG,1'733.69,3'005.02,1'733.69,3'005.02,1'321.95,2'676.39,3'085.01
Oct/26,PA,1'662.81,2'882.13,1'662.81,2'882.13,1'362.95,2'559.86,2'930.40
Oct/26,PB,1'140.49,2'099.25,1'140.49,2'099.25,964.83,1'867.53,2'107.43
Oct/26,PR,1'835.53,3'267.77,1'835.53,3'267.77,1'464.66,2'857.72,3'355.04
Oct/26,PE,1'560.07,2'668.78,1'560.07,2'668.78,1'221.31,2'351.62,2'811.93
Oct/26,PI,1'318.48,2'304.39,1'318.48,2'304.39,1'099.60,2'034.58,2'359.18
Oct/26,RJ,1'739.55,3'050.09,1'739.55,3'050.09,1'384.93,2'681.63,3'115.03
Oct/26,RN,1'537.80,2'544.27,1'537.80,2'544.27,1'223.14,2'286.35,2'663.09
Oct/26,RS,1'863.04,3'656.29,1'863.04,3'656.29,1'418.73,3'083.22,3'482.69
Oct/26,RO,1'746.87,3'058.51,1'746.87,3'058.51,1'363.70,2'704.24,2'971.81
Oct/26,RR,1'922.01,3'611.95,1'922.01,3'611.95,1'731.35,3'170.33,3'698.96
Oct/26,SC,2'003.90,3'426.11,2'003.90,3'426.11,1'584.91,2'981.60,3'513.82
Oct/26,SP,1'523.96,2'698.05,1'523.96,2'698.05,1'271.10,2'370.10,2'717.44
Oct/26,SE,1'402.85,2'597.07,1'402.85,2'597.07,1'194.09,2'318.86,2'559.95
Oct/26,TO,1'525.04,2'717.12,1'525.04,2'717.12,1'269.78,2'386.70,2'858.71
